categoria,cantidad
RAM,7.7790190721085635
SSD,6.7309510742832614
CPU_AMD,5.00633698245376
CPU_INTEL,4.348901235944638
MB_AMD,4.2000697460144485
