categoria,cantidad
Fashion accessories,3.102023224619514
Sports and travel,2.95132719942115
Electronic accessories,2.9097636807886818
Food and beverages,2.8723883054184225
Health and beauty,2.8469437790626024
Home and lifestyle,2.8217414556913774
