categoria,cantidad
CPU_AMD,4.441978006646801
SSD,2.9270882892009533
MB_AMD,2.8111410911182118
RAM,2.765461917590375
CPU_INTEL,2.7314935019999065
