categoria,cantidad
Electronic accessories,9.090067173830926
Health and beauty,8.645649562943934
Sports and travel,8.353330922379445
Fashion accessories,7.598818556800439
Food and beverages,7.215529905515164
Home and lifestyle,6.327131607690486
